Annotation,word,definitions,A1,A2,M-T,precission_definitions_mean,ic_precission_definitions_mean,familiarity_definitions_mean,imageability_definitions_mean,concreteness_definitions_mean,physicality_definitions_mean,nb17_cosines_definitions_mean,w2v_cosines_definitions_mean
control,acquired,come into the possession of something concrete or abstract,1,1,1,4.2,0,457,5.97,2.71,2.46,0.05462463051,0.03147680834
control,acquired,"take on a certain form, attribute, or aspect",0,0,0,4,4.99,516.14,5.23,2.4,3.11,0.08547144849,0.09002365619
control,acquired,come to have or undergo a change of,0,0,0,3.5,0.68,445,5.84,2.67,2.72,0.04350491008,0.08047621697
control,acquired,locate,0,0,0,1,7.65,317,5.44,2.97,2.36,0.1103270128,0.11995776
control,acquired,win something through one's efforts,0,0,0,1.75,8.73,437.4,4.52,2.7,3.09,0.03042004944,0.0002726116218
control,acquired,gain knowledge or skills,0,0,0,4.25,0,489.5,4.84,1.98,2.73,0.2513237099,0.1429363017
control,acquired,gain through experience,0,0,0,1,1.36,477.5,6.34,2.02,2.91,0.2282067426,0.1614546627
control,acquired,gotten through environmental forces,0,0,0,1,,449.67,5.32,2.75,2.24,0.145272222,0.08063022854
control,adopted,"choose and follow; as of theories, ideas, policies, strategies o...",0,0,0,6.56,7.18,525.22,5.31,2.34,2.97,0.1022569622,0.1313858123
control,adopted,take up and practice as one's own,0,0,0,1.83,0,545.75,4.9,3.18,2.72,0.05274951458,0.1053230315
control,adopted,"take on titles, offices, duties, responsibilities",,,0,5,0,453,5.5,3.38,2.92,0.02226732224,0.03716890179
control,adopted,"take on a certain form, attribute, or aspect",0,0,0,4,4.99,516.14,5.23,2.4,3.11,0.0559557219,0.07265461683
control,adopted,take into one's family,1,1,1,1.67,6.67,556,5.05,3.75,2.87,0.08319464574,0.09185595314
control,adopted,put into dramatic form,0,0,0,0.67,0,433,3.21,2.58,2.28,0.04222987096,0.07866372913
control,adopted,"take up the cause, ideology, practice, method, of someone and us...",0,0,0,5,0,524.69,5.26,2.81,3.23,0.03549863095,0.07093979395
control,adopted,acquired as your own by free choice,1,1,0,1.5,,515.33,4.53,2.16,3.88,0.0807610328,0.1237070933
control,agree,be in accord; be in agreement,0,0,1,4.17,0,503.67,5.67,1.9,1.9,0.525375098,0.3334628791
control,agree,"consent or assent to a condition, or agree to do something",0,0,1,6.29,0,417,5.08,2.2,3.13,0.2977572996,0.1937001869
control,agree,"be compatible, similar or consistent; coincide in their characte...",0,0,0,2.88,4.7,537.71,5.16,2.32,2.69,0.2237391397,0.1620075818
control,agree,go together,0,0,0,1,0,444.5,5.92,2.94,2.7,0.1726536751,0.220241338
control,agree,show grammatical agreement,0,0,0,2.67,0,474.33,4.86,2.84,3.33,0.2070258198,0.1980101541
control,agree,be agreeable or suitable,0,0,0,2.25,0,567,5.52,2,3.82,0.2551212832,0.3196797147
control,agree,"achieve harmony of opinion, feeling, or purpose",1,1,1,5.67,0,567.71,4.92,1.98,3.06,0.1394332698,0.1458731741
control,alive,possessing life,1,1,1,5.5,,512.5,6.23,2.38,2.6,0.2711784504,0.1346436068
control,alive,,0,0,0,,,,,,,,
control,alive,having life or vigor or spirit,0,0,0,5.5,,565.33,5.17,2.19,3.4,0.3097172529,0.2105842804
control,alive,,0,0,0,,,,,,,,
control,alive,in operation,0,0,0,5,,598,6.12,3.44,3.36,0.07548472285,0.05875770003
control,alive,mentally perceptive and responsive,0,0,0,0,,548.67,4.94,2.03,3.89,0.1149158925,0.1639795403
control,alive,capable of erupting,0,0,0,2,,516.5,4.51,2.21,4.45,0.1551592723,0.2017720416
control,apart,remote and separate physically or socially; ; - W.H.Hudson,0,0,1,2.2,,424,5.08,2.76,2.74,0.2799704373,0.1566051869
control,apart,having characteristics not shared by others; - Vannever Bush,1,0,0,3.5,,499.57,4.55,2.38,2.56,0.1706819112,0.102444916
control,apart,separated or at a distance in place or position or time,1,0,1,5.64,,484.4,5,3.08,3.53,0.2219881572,0.2099436417
control,apart,not taken into account or excluded from consideration,0,0,0,4.67,,495.25,4.89,2.53,4.41,0.1395099005,0.08292378206
control,apart,away from another or others,0,1,1,3,,468,4.53,2.46,3.21,0.2991205951,0.2417633161
control,apart,placed or kept separate and distinct as for a purpose,0,0,0,4.25,,509,5.15,2.42,2.74,0.2559535228,0.1407984987
control,apart,one from the other,0,0,1,0,,469,2.78,3.97,2.36,0.1880554408,0.2588320673
control,apart,into parts or pieces,0,0,1,5.33,,502.5,4.69,3.72,2.65,0.1897727102,0.1392903067
control,ate,take in solid food,1,1,1,3.25,0,530.33,5.58,4.09,2.55,0.1637270019,0.1726868711
control,ate,eat a meal; take a meal,0,0,1,5.83,3.76,515.2,5.21,4.18,3.08,0.4151836503,0.4329187572
control,ate,take in food; used of animals only,0,1,1,3,0,527,5.63,3.78,2.67,0.1669573942,0.1711101197
control,ate,worry or cause anxiety in a persistent way,0,0,0,4.75,0,543.2,5.59,2.35,2.76,-0.02310304237,0.07567297071
control,ate,use up,0,0,0,0,0,589,2.73,2.78,2.33,0.02953766286,0.08846628666
control,ate,"cause to deteriorate due to the action of water, air, or an acid",0,0,0,4.33,0,544.44,5.91,3.55,3.71,0.01929560584,0.05562102156
control,attacked,launch an attack or assault on; begin hostilities or start warfa...,1,1,1,5.45,1.9,488.14,4.9,3.19,2.54,0.1986975398,0.2021361879
control,attacked,attack in speech or writing,0,0,0,5,4.26,427.33,5.66,3.59,3.29,0.2490286551,0.2300553541
control,attacked,take the initiative and go on the offensive,1,0,1,3.8,0,506.25,4.88,2.58,2.98,0.06333152036,0.08021863177
control,attacked,attack someone physically or emotionally,0,1,,2.4,7.74,469.25,4.31,2.9,3.36,0.2146005905,0.2268892955
control,attacked,set to work upon; turn one's energies vigorously to a task,0,0,0,3.5,0,505.8,4.52,3.2,2.81,0.05024233859,0.07882278925
control,attacked,begin to injure,0,0,0,1.5,1.46,455,4.92,3.02,2.1,0.102021303,0.1710594008
control,backbone,a central cohesive source of support and stability,0,0,0,5.17,0.7,471,4.21,2.63,1.98,0.2219076455,0.2700071722
control,backbone,fortitude and determination,0,0,0,7,5.48,288,5.08,1.87,2.74,0.3124047592,0.2295427993
control,backbone,the series of vertebrae forming the axis of the skeleton and pro...,1,1,1,5,1.76,488.43,5.42,3.41,3.42,0.2208745806,0.1260487647
control,backbone,the part of a book's cover that encloses the inner side of the b...,0,0,0,4.43,0.61,548.38,5.71,4.05,3.75,0.04676270283,0.07625991882
control,backbone,the part of a network that connects other networks together,0,0,0,4.71,1.35,451,5.52,3.11,2.56,0.249381946,0.3156680733
control,baked,cook and make edible by putting in a hot oven,1,1,1,3.56,2.72,537.83,4.81,3.96,2.88,0.3193350441,0.2908060352
control,baked,prepare with dry heat in an oven,0,1,1,5,2.56,442.5,5.25,3.72,2.52,0.2978931293,0.2520642802
control,baked,heat by a natural force,0,0,0,4.2,0,359.33,3.9,2.88,2.15,0.05752265259,0.09443705405
control,baked,"be very hot, due to hot weather or exposure to the sun",0,0,0,2.33,0,541.57,5.29,3.81,3.23,0.1251286101,0.15811403
control,baked,dried out by heat or excessive exposure to sunlight,0,0,0,4.62,,396.6,3.89,3.28,2.8,0.1156103529,0.1220286772
control,baked,,0,0,1,,,,,,,,
control,bathing,immersing the body in water or sunshine,0,0,,6,0,510.5,4.06,4.67,3.25,0.2574356906,0.2757308334
control,bathing,the act of washing yourself,0,1,1,4,0.6,552,4.19,3.45,3.57,0.3475159258,0.2995838448
control,bathing,cleanse the entire body,0,0,1,3,8,510,5.56,3.38,3.39,0.1343689179,0.164080251
control,bathing,suffuse with or as if with light,0,0,0,4.5,0,454.5,3.07,4.21,2.42,0.1112752396,0.1422150396
control,bathing,clean one's body by immersion into water,1,1,0,4,8,526.67,4.12,3.89,3.86,0.2258707451,0.2236381896
control,battle,a hostile meeting of opposing military forces in the course of a...,1,1,1,6.1,1.03,436.86,4.67,3.25,3.22,0.2467558605,0.1906223159
control,battle,an energetic attempt to achieve something,0,0,0,2.5,0.6,439.75,5.03,2.29,3.1,0.05518239783,0.09197483025
control,battle,an open clash between two opposing groups,0,1,1,4.14,0.6,477.2,5.03,3.3,2.98,0.1805190824,0.2003461211
control,battle,battle or contend against in or as if in a battle,0,0,,6.43,0,492.67,4.86,3.36,2.15,0.518938899,0.2747618258
control,birth,the time when something begins,0,,,1,,400,4.91,2.48,3.28,0.06171778357,0.1188957791
control,birth,the event of being born,1,1,1,3.67,0.3,580,5.69,2.96,2.09,0.4162874557,0.2956574596
control,birth,the process of giving birth,0,1,1,4.5,0,595.33,5.28,3.18,3.25,0.1093833484,0.0597639936
control,birth,the kinship relation of an offspring to the parents,0,0,1,6.8,0.85,466.33,5.49,2.75,3.25,0.2794534042,0.2006999664
control,birth,a baby born; an offspring,0,0,1,6.6,0.96,450.5,5.04,4.05,2.48,0.5931123892,0.5049277445
control,birth,cause to be born,0,0,1,0.67,1.74,551,5.67,2.82,2.73,0.4083336964,0.2983737513
control,bloom,the organic process of bearing flowers,1,1,1,3,0,504.75,3.93,3.36,2.21,0.2490564464,0.2338123526
control,bloom,reproductive organ of angiosperm plants especially one having sh...,0,1,1,3.18,0.77,459.44,4.22,3.36,3.28,0.1603122271,0.195990733
control,bloom,the best time of youth,0,0,0,3.33,6.82,464,5.22,2.65,4,0.09559898078,0.0701513843
control,bloom,a rosy color,0,0,0,5,0.6,460.5,5.34,3.74,2.45,0.3218306303,0.3056474775
control,bloom,the period of greatest prosperity or productivity,0,0,0,5.8,0.45,508.25,5.17,2.42,3.41,0.1278731661,0.131856828
control,bloom,a powdery deposit on a surface,0,0,0,4.17,1.9,556.33,5.88,3.91,2.58,0.03733513737,0.1707291106
control,bloom,produce or yield flowers,0,1,1,3.75,3.27,433.33,4.53,3.75,2.09,0.3518942843,0.3331478486
control,bought,obtain by purchase; acquire by means of a financial transaction,1,1,1,2.11,1.59,494.67,4.74,2.86,2.84,0.3085850573,0.2538283803
control,bought,make illegal payments to in exchange for favors or influence,0,0,0,4.38,0,464,4.33,2.76,2.62,0.07449075549,0.1054106789
control,bought,be worth or be capable of buying,0,0,1,2.67,3.21,506,5.95,2.05,4.38,0.3384185359,0.3583774467
control,bought,acquire by trade or sacrifice or exchange,0,0,0,4.29,0,493.5,4.81,2.89,1.86,0.2394945025,0.1887315139
control,bought,accept as true,0,0,0,2.33,6.05,550,5.1,2.37,3.4,0.08140553674,0.1418207772
control,breakdown,the act of disrupting an established order so it fails to contin...,1,1,0,4.22,1.28,436.67,5.66,2.4,3.63,0.08436700267,0.113229416
control,breakdown,a mental or physical breakdown,0,0,0,4.25,0,469,4.07,2.7,2.86,0.1861828044,0.1924760342
control,breakdown,a cessation of normal operation,0,0,1,4.75,1.88,496,4.44,2.42,3.06,0.1099872005,0.1441885581
control,breakdown,an analysis into mutually exclusive categories,0,0,0,4,3.44,492.33,3.68,2.19,2.55,0.1508568935,0.1645683791
control,breathe,"draw air into, and expel out of, the lungs",1,1,1,5,0,530.8,5.73,3.65,2.64,0.2856932133,0.2777370475
control,breathe,be alive,0,0,1,0,0,570,2.64,3.14,3.9,0.3288181424,0.255870223
control,breathe,impart as if by breathing,0,0,0,1.5,5.56,404.5,4.38,3.05,2.55,0.4874863029,0.4491641223
control,breathe,allow the passage of air through,0,0,0,3.75,0,545,4.33,3.44,2.65,0.2380953928,0.2230916967
control,breathe,utter or tell,0,0,0,4,0,530.5,5.11,2.96,1.59,0.1617331207,0.2462410331
control,breathe,manifest or evince,0,0,0,5.67,1.94,511,4.74,2.43,2.41,0.02689988818,0.08224318922
control,breathe,take a short break from one's activities in order to relax,0,0,0,4,0,452,4.98,3.25,3.02,0.08516045513,0.1425108021
control,breathe,reach full flavor by absorbing air and being let to stand after ...,0,0,0,2.08,0.34,544.75,4.89,3.49,2.34,0.1537468475,0.1947271535
control,breathe,expel,0,0,0,1,0,509,5.51,2.88,1.36,0.1934098601,0.2121417373
control,budding,reproduction of some unicellular organisms,1,0,0,2.5,2.8,520,3.53,3.18,3.45,0.1700418343,0.0584249186
control,budding,develop buds,0,1,1,5,5.97,436,3.76,1.87,2.27,0.3903487325,0.2961158007
control,budding,start to grow or develop,0,0,0,4.5,0,458.33,4.8,2.54,1.96,0.2869202942,0.2447814097
control,budding,beginning to develop,0,0,0,0.5,,495.5,5.01,2.18,2.41,0.2745990828,0.2243220508
control,buy,an advantageous purchase,0,0,1,4.67,4.71,400.5,5.79,2.52,4.1,0.4875951074,0.4538442791
control,buy,obtain by purchase; acquire by means of a financial transaction,1,1,1,2.11,1.59,494.67,4.74,2.86,2.84,0.3714918584,0.3566925687
control,buy,make illegal payments to in exchange for favors or influence,0,0,0,4.38,0,464,4.33,2.76,2.62,0.1340117753,0.1695646476
control,buy,be worth or be capable of buying,0,0,1,2.67,3.21,506,5.95,2.05,4.38,0.374367704,0.3836379101
control,buy,acquire by trade or sacrifice or exchange,0,0,0,4.29,0,493.5,4.81,2.89,1.86,0.2956731021,0.2735789884
control,buy,accept as true,0,0,0,2.33,6.05,550,5.1,2.37,3.4,0.1449903571,0.2209569551
control,chicken,the flesh of a chicken used for food,0,0,1,5,3.42,535,4.12,4.21,3.14,0.217532396,0.2737984583
control,chicken,a domestic fowl bred for flesh or eggs; believed to have been de...,1,1,1,4.57,3.43,503.18,4.45,4.21,3,0.2715705439,0.2677103814
control,chicken,"a person who lacks confidence, is irresolute and wishy-washy",0,0,0,5.62,0.16,564.67,4.79,2.98,3.13,0.01888129616,0.07750451799
control,chicken,a foolhardy competition; a dangerous activity that is continued ...,0,0,0,4.08,1.64,469.82,4.72,2.78,2.68,0.01523892283,0.08565344308
control,chicken,easily frightened,0,0,0,0,,559.5,4.42,2.04,3.86,0.08799835481,0.1055269279
control,climb,an upward slope or grade,1,0,0,5,0.65,524.33,5.2,3.55,3.74,0.3869064748,0.2449129174
control,climb,an event that involves rising to a higher point,1,0,,4,0.4,561.8,5.32,3.14,3.11,0.2184352308,0.1814015392
control,climb,the act of climbing something,0,1,1,5,0.6,441.33,5.68,2.78,3.42,0.3208885354,0.3281731506
control,climb,go upward with gradual or continuous progress,1,0,1,3.17,3.7,520,5.81,2.57,2.52,0.2476819668,0.2058356583
control,climb,"move with difficulty, by grasping",0,1,1,3.25,0,461.25,4.93,2.8,3.72,0.1912165632,0.2047788675
control,climb,go up or advance,0,0,0,2.75,0,493.5,5.76,2.86,3.19,0.2711315602,0.2833370268
control,climb,slope upward,0,0,0,2,8.48,520.5,6.29,3.82,3.11,0.4686814696,0.2980168164
control,climb,improve one's social status,0,0,0,1.5,2.71,533.4,5.2,2.58,2.89,0.0601836748,0.09826579923
control,climb,increase in value or to a higher point,0,0,0,4.86,1.36,535,4.52,2.64,2.91,0.2294847928,0.1868973952
control,clings,fruit,1,0,0,2,,602,2.24,4.81,4,0.07144761831,0.06428042054
control,clings,come or be in close contact with; stick or hold together and res...,1,0,0,3.58,1.35,476.11,4.96,3.32,3.03,0.2095977068,0.1178739724
control,clings,to remain emotionally or intellectually attached,0,0,0,2.2,0,527,4,2.24,2.73,0.214545683,0.1612672992
control,clings,hold on tightly or tenaciously,0,1,1,2.2,0,509,3.66,2.61,3.15,0.4084576368,0.211640497
control,constructed,make by combining materials and parts,1,1,1,3.8,6.63,481.25,5.4,3.34,2.65,0.1214738023,0.1270041838
control,constructed," put together out of artificial or natural components or parts; ...",1,1,1,3.54,4.97,452.23,5.06,2.58,2.18,0.1766381366,0.1629647828
control,constructed,draw with suitable instruments and under specified conditions,0,0,0,2.17,1.46,435.2,4.29,3.08,2.45,0.1165337607,0.1179799706
control,constructed,create by linking linguistic units,0,0,0,1.2,1.47,513,4.9,2.91,2.82,0.1633640379,0.1484979158
control,constructed,"create by organizing and linking ideas, arguments, or concepts",0,0,0,4.38,0.98,565.57,5.69,2.44,3.27,0.1465873259,0.1533782861
control,constructed,reassemble mentally,0,0,0,1,0,393,4.4,2.43,4,0.1283518001,0.1362693347
control,cost,the total spent for goods or services including money and time a...,1,1,1,4.44,0.48,453.62,4.97,2.85,2.87,0.1970677471,0.1957592182
control,cost,the property of having material worth,0,1,1,3,0,523,5.84,3.35,2.85,0.2277169434,0.2005659863
control,cost,value measured by what must be given or done or undergone to obt...,1,0,0,3.27,0.72,430.62,5.12,2.33,2.56,0.1523719525,0.1691004429
control,cost,be priced at,1,1,1,3.33,2.09,570,3.84,2.88,3,0.622025311,0.413954705
control,cost,"require to lose, suffer, or sacrifice",0,0,0,4.4,2.01,575.67,5.01,2.35,2.52,0.1899051443,0.2188769132
control,crazy,someone deranged and possibly dangerous,0,1,1,1,2.33,495.5,4.81,2.44,2.49,0.2814494269,0.3024271652
control,crazy,affected with madness or insanity,1,1,1,6,,571.67,4.72,2.08,2.19,0.4060224965,0.2861777209
control,crazy,foolish; totally unsound,0,0,0,0,,544.25,6.06,1.79,2.05,0.3347626428,0.3394363523
control,crazy,possessed by inordinate excitement,0,0,0,1.75,,580,5.01,2.28,2.86,0.2323853622,0.2114574363
control,crazy,bizarre or fantastic,0,0,0,3,,508.5,4.62,1.78,4.81,0.4206534028,0.4624439329
control,crazy,intensely enthusiastic about or preoccupied with,0,0,0,1.8,,514,3.88,2.34,2.8,0.1584943583,0.1927470813
control,creating,make or cause to be or to become,1,0,1,3.5,1.47,436.33,5.31,2.21,2.53,0.2673474252,0.2388014942
control,creating,bring into existence,1,1,0,3,0,501,3.72,2.04,2,0.2444788888,0.2341099828
control,creating,pursue a creative activity; be engaged in a creative activity,0,0,1,3.4,1.7,463.29,5.87,2.42,2.45,0.2010287332,0.1764749264
control,creating,"invest with a new title, office, or rank",0,0,0,5.14,0,423.43,4.42,3.28,2.94,0.07458277866,0.09391874839
control,creating,create by artistic means,0,0,0,2.25,5.64,498,4.38,2.38,2.95,0.3666494315,0.3745856484
control,creating,create or manufacture a man-made product,0,1,1,3.83,2.93,524.5,5.48,3.29,3.13,0.4250928611,0.3608427495
control,cultivated,foster the growth of,0,1,1,3,0,485,4.39,2.6,3.05,0.1973478943,0.1579346061
control,cultivated,prepare for crops,1,1,1,1.5,3.87,534,6.57,2.36,1.64,0.2463131187,0.2020840272
control,cultivated,teach or refine to be discriminative in taste or judgment,0,0,0,3.89,1.95,483.4,4.61,2.62,2.78,0.05704717962,0.1214807115
control,cultivated,adapt,0,1,1,1,0,548,5.44,2.41,2.1,0.1157918125,0.1641443223
control,cultivated,,1,1,1,,,,,,,,
control,cultivated,no longer in the natural state; developed by human care and for ...,0,1,1,4.64,,470.11,4.69,3.3,2.4,0.1085317408,0.1594919472
control,cultivated,marked by refinement in taste and manners,0,0,0,4,,466.75,4.39,2.9,3.43,0.1410422605,0.1634159926
control,defended,argue or speak in defense of,0,0,0,5.4,3.51,465,5.61,2.97,3.67,0.2991155063,0.2637743453
control,defended,be on the defensive; act against an attack,1,1,1,2.5,0,509,5.61,2.75,2.98,0.2228653766,0.1291710883
control,defended,protect against a challenge or attack,0,1,1,6.4,2.24,350.67,4.9,2.89,3.08,0.3136239623,0.1970705117
control,defended,fight against or resist strongly,0,1,0,3,3.53,501,4.92,3.12,2.9,0.239224717,0.2024579595
control,defended,protect or fight for as a champion,0,0,,6.5,3.41,523.33,4.84,3.63,4.04,0.3070857326,0.2037304143
control,defended,be the defense counsel for someone in a trial,0,0,0,6.43,0,493.75,4.66,2.93,2.42,0.1761993561,0.1338038573
control,defended,state or assert,0,0,0,7.33,0,500.5,2.67,2.78,3.35,0.1991967466,0.2478109226
control,demolished,destroy completely,1,1,1,0,0,379.5,5.01,2.63,3.12,0.3887029737,0.2340373695
control,demolished,humiliate or depress completely,0,0,0,3.25,4.54,469.67,4.88,2.18,2.35,0.1616770203,0.1121370172
control,demolished,defeat soundly,0,0,0,3.5,0,458.5,5.15,2.38,2.55,0.1823581681,0.1388791427
control,demolished,torn down and broken up,0,1,1,0.75,,480.5,4.23,4.16,3.18,0.4192075729,0.3226486742
control,depression,a mental state characterized by a pessimistic sense of inadequac...,0,1,0,4.38,1.22,479.67,5.23,2.32,3.27,0.1984553656,0.1946384309
control,depression,a long-term economic state characterized by unemployment and low...,0,0,0,3.46,1.11,474.7,4.46,3.23,2.72,0.140676404,0.1117654236
control,depression,a sunken or depressed geological formation,0,1,1,4,0.7,455.75,3.92,2.89,3.45,0.2626906643,0.196903266
control,depression,sad feelings of gloom and inadequacy,0,0,0,4.5,2.86,558.5,4.6,2.08,2.18,0.3095149472,0.2331613041
control,depression,an air mass of lower pressure; often brings precipitation,0,0,0,5.88,0.27,460.88,5.39,3.31,2.3,0.09464373307,0.09933067659
control,depression,a state of depression and anhedonia so severe as to require clin...,0,0,0,4.44,1.83,492.86,3.83,2.63,3.17,0.1720432596,0.2187353518
control,depression,a concavity in a surface produced by pressing,1,0,1,4.62,0.82,558,4.7,3.24,2.32,0.1147516421,0.07313798508
control,depression,angular distance below the horizon,0,0,0,1.75,0,514,6.2,3.56,4.17,0.07950216396,0.08428126698
control,depression,pushing down,0,0,1,2,,512,5.77,3.73,3.27,0.0172588639,0.02001096308
control,destroyed,"do away with, cause the destruction or undoing of",1,1,1,3.67,0,471,5.35,2.57,3.52,0.2947586831,0.281536825
control,destroyed,destroy completely; damage irreparably,1,0,0,0.25,3.42,452.2,5.03,2.59,2.67,0.4408286288,0.3988990746
control,destroyed,defeat soundly,0,0,0,3.5,0,458.5,5.15,2.38,2.55,0.1734688058,0.1117239818
control,destroyed,put,0,0,0,1,0,383,2.62,2.5,1.18,0.02476863004,0.1224384978
control,destroyed,spoiled or ruined or demolished,0,1,1,5,,387,5.83,2.71,3.18,0.6810997128,0.5078695764
control,destroyed,destroyed physically or morally,0,0,,3,,345.67,5.06,1.94,3.04,0.07276076451,0.09421723709
control,devoured,destroy completely,0,0,0,0,6.85,379.5,5.01,2.63,3.12,0.2122408375,0.1941409707
control,devoured,enjoy avidly,0,0,0,0.5,0,551,3.17,2.08,2.23,0.238634415,0.2347247079
control,devoured,eat immoderately,1,0,1,0.5,7.52,553.5,3.19,3.08,2.74,0.33683227,0.2861533612
control,devoured,eat greedily,0,1,1,0.5,7.52,534.5,2.62,3.37,3.55,0.5412649512,0.4156207144
control,drank,take in liquids,1,1,1,5.33,0,442,5.9,3.89,3.05,0.1858510748,0.1848228313
control,drank,consume alcohol,0,0,1,3,4.72,298,5.45,4.08,3.82,0.4877402335,0.4367877245
control,drank,propose a toast to,0,0,1,7,3.73,448,5.47,3.56,2.32,0.1648581512,0.1790247746
control,drank,be fascinated or spell-bound by; pay close attention to,0,0,0,2.75,0,516.5,4.07,2.7,2.13,0.01748372163,0.06598712772
control,drank,drink excessive amounts of alcohol; be an alcoholic,0,0,1,3.43,4.68,447,4.85,3.58,2.69,0.4570668831,0.3598816559
control,dried,remove the moisture from and make dry,1,1,1,2.25,2.98,374.5,5.6,3.41,2.89,0.2993420172,0.2586270534
control,dried,become dry or drier,0,1,1,3,6.27,406,4.79,3,2.58,0.4102720544,0.3182726006
control,dried,not still wet,0,0,1,1,,532.5,5.29,3.96,2.7,0.2355212886,0.2344405502
control,dried,preserved by removing natural moisture,1,0,1,1.6,,417.75,3.91,2.97,3.45,0.2362811752,0.1949794628
control,drowning,cover completely or make imperceptible,0,0,0,3.2,0,417.5,5.81,2.7,2.92,0.01794101018,0.04703643173
control,drowning,get rid of as if by submerging,0,0,0,2.8,0,454.33,4.23,2.26,3.12,0.1952687663,0.1619906196
control,drowning,"die from being submerged in water, getting water into the lungs,...",1,1,1,3.89,4.61,540.88,4.21,3.66,3.81,0.3009846934,0.2788669669
control,drowning,kill by submerging in water,0,1,1,4.6,0,532.33,4.41,4.45,4.2,0.3836956571,0.3009440452
control,drowning,be covered with or submerged in a liquid,1,0,1,5,0,445.33,4.7,3.76,4.02,0.2341396188,0.2083844692
control,enjoy,derive or receive pleasure from; get enjoyment from; take pleasu...,1,1,1,4.33,0,492.67,4.46,2.34,2.38,0.4030218848,0.4000863433
control,enjoy,have benefit from,0,0,1,2.5,0,583,2.71,2.25,2.3,0.3111541867,0.4168982208
control,enjoy,get pleasure from,0,1,1,4.5,0,438,3.78,2.21,3.27,0.3864563107,0.3977409601
control,enjoy,have for one's benefit,0,0,0,1.67,0,565,4.08,3.11,3.05,0.1455906667,0.2585668564
control,enjoy,take delight in,0,0,1,3,4.74,528,4.76,2.68,1.38,0.4242888689,0.3502443135
control,fighting,the act of fighting; any contest or struggle,0,1,,5,0.3,520,4.77,3.14,2.71,0.3606644906,0.2647607699
control,fighting,be engaged in a fight; carry on a fight,1,0,1,4.11,2.44,503,4.45,3.7,3.28,0.4944934038,0.4663705919
control,fighting,fight against or resist strongly,0,0,0,3,3.53,501,4.92,3.12,2.9,0.3927260333,0.3561472247
control,fighting,make a strenuous or labored effort,0,0,0,5.17,3.69,439.5,5.19,2.54,2.14,0.08645352162,0.1383394245
control,fighting,"exert oneself continuously, vigorously, or obtrusively to gain a...",0,0,0,4.62,1.66,484.88,5.56,2.67,2.9,0.1000260976,0.1109345895
control,fighting,engaged in or ready for military or naval operations,0,0,1,4,,475.8,4.82,3.2,3,0.1499484874,0.172957775
control,fishing,the act of someone who fishes as a diversion,0,0,1,7.14,0.79,563.75,4.56,3.46,2.75,0.1981772152,0.2103402438
control,fishing,the occupation of catching fish for a living,0,0,1,5.8,0.7,569,4.87,3.78,3.36,0.3054904491,0.289014833
control,fishing,seek indirectly,0,0,0,0.5,0,475,5.83,2.25,3.32,-0.009409530088,0.03958655708
control,fishing,catch or try to catch fish or shellfish,1,1,1,5,2.41,512.2,3.81,3.99,2.55,0.360342495,0.3521572441
control,flooded,fill quickly beyond capacity; as with a liquid,1,0,,3.14,0,417.67,5.1,3.04,2.79,0.1291037261,0.1017325193
control,flooded,"cover with liquid, usually water",0,1,1,1.25,0,510.6,5.58,4,3.85,0.1364971528,0.1162439138
control,flooded,supply with an excess of,0,0,0,6,,567.5,4.58,2.96,3.59,0.1469785795,0.1433655284
control,flooded,become filled to overflowing,0,0,1,2.33,0,369.67,3.66,2.72,3.21,0.3800502184,0.3244457381
control,flooded,covered with water,0,1,1,1.5,,558.5,3.87,4.2,3.55,0.3240625411,0.294326067
control,flower,a plant cultivated for its blooms or blossoms,0,0,1,5.57,0.58,446.67,6.15,3.8,3.29,0.5428590588,0.4026125818
control,flower,reproductive organ of angiosperm plants especially one having sh...,1,1,1,3.18,0.77,459.44,4.22,3.36,3.28,0.2108722771,0.2271573361
control,flower,the period of greatest prosperity or productivity,0,0,0,5.8,0.45,508.25,5.17,2.42,3.41,0.0666576426,0.07305316674
control,flower,produce or yield flowers,1,1,1,3.75,3.27,433.33,4.53,3.75,2.09,0.1008924954,0.1641802043
control,folded,bend or lay so that one part covers the other,1,1,1,3,1.36,477,5.31,3.85,3.11,0.1780351885,0.1549582228
control,folded,incorporate a food ingredient into a mixture by repeatedly turni...,0,0,1,4.29,3.43,487.89,3.87,3.23,3.02,0.05888409649,0.0831623632
control,folded,cease to operate or cause to cease operating,0,0,0,2.67,0,536.8,6.55,2.73,2.31,0.04234050438,0.1078768946
control,folded,"confine in a fold, like sheep",0,1,0,6.33,5.54,539,4.92,3.5,3.09,0.1955886693,0.1461028713
control,folded,become folded or folded up,0,1,1,3.67,2.71,468.33,5.4,3.27,3.74,0.05390560254,0.07298970222
control,foundation,the basis on which something is grounded,0,0,0,5,0.6,294.67,5.53,1.91,3.42,0.2803785826,0.1217871929
control,foundation,an institution supported by an endowment,0,0,0,4.67,0.6,537,4.41,3.11,2.3,0.4013845225,0.3199066371
control,foundation,lowest support of a structure,1,1,1,5.25,4.22,470,4.63,3.43,2.77,0.2230609606,0.2148161009
control,foundation,education or instruction in the fundamentals of a field of knowl...,0,0,0,6.5,1.38,478.4,4.1,2.77,2,0.2052246191,0.1962890327
control,foundation,the fundamental assumptions from which something is begun or dev...,0,0,0,4.5,0.15,481.5,4.72,1.94,3.39,0.1483034213,0.1360505492
control,foundation,a woman's undergarment worn to give shape to the contours of the...,0,0,0,5.62,3.03,470,4.85,3.9,2.84,0.04856461247,0.0636260894
control,foundation,the act of starting something for the first time; introducing so...,0,0,0,3.67,1.46,440.67,5,2.41,3.29,0.05852010753,0.08723148418
control,fox,alert carnivorous mammal with pointed muzzle and ears and a bush...,1,1,1,4.65,2.07,473.56,5.19,3.84,3.09,0.119054286,0.2510741977
control,fox,a shifty deceptive person,0,0,0,4,0.4,452.33,5.1,2.8,2.9,0.05519255002,0.1402552401
control,fox,the grey or reddish-brown fur of a fox,0,0,1,5,1.65,490,4.24,4.59,2.46,0.2601928264,0.3626748323
control,fox,deceive somebody,0,0,0,4,2.8,515,4.19,2.74,2.87,0.0111149,0.164909631
control,fox,be confusing or perplexing to; cause to be unable to think clear...,0,0,0,1.44,2.38,531.86,5.1,2.06,2.75,-0.003781289328,0.05362598505
control,fox,"become discolored with, or as if with, mildew spots",0,0,0,3.83,1.36,517.8,5.08,2.96,3.5,-0.0008564743912,0.07301843027
control,fried,be excessively hot,0,0,0,0,0,539,5.15,3.23,3.74,0.1095281634,0.1787774786
control,fried,cook on a hot surface using fat,1,1,1,3,0,544.6,4.58,4.35,2.77,0.1954382764,0.2558723852
control,fried,"kill by electrocution, as in the electric chair",0,0,0,3.29,0,509.8,4.28,3.96,3.43,0.05931594176,0.1182153588
control,fried,cooked by frying in fat,1,1,1,3,,497.33,4.59,4.52,2.28,0.5447658251,0.5059697032
control,friendly,troops belonging to or allied with your own military forces,0,0,1,2,0,409.25,5.11,2.82,2.66,0.03302639001,0.07296905071
control,friendly,characteristic of or befitting a friend,0,1,1,6,,570.33,5.03,2.5,2.7,0.1711097596,0.1806617031
control,friendly,inclined to help or support; not antagonistic or hostile,1,1,1,3,,451.83,5.53,2.54,2.93,0.1964198008,0.2604004502
control,friendly,easy to understand or use,0,0,1,3.75,,527.33,3.42,2.38,2.61,0.0964210704,0.1486906707
control,friendly,of or belonging to your own country's forces or those of an ally,0,0,1,4.38,,501.8,4.78,2.92,2.97,0.06273675337,0.07692158269
control,fruit,the ripened reproductive body of a seed plant,1,1,1,5.33,1.35,460.8,5.48,4.22,3.87,0.2622952029,0.2518265933
control,fruit,an amount of a product,0,0,0,7.75,0.4,470,4.64,3.46,2.98,0.1087400503,0.1776314899
control,fruit,the consequence of some effort or action,0,0,0,5.4,2.71,476.67,4.1,2.61,2.35,0.05199350261,0.08533739795
control,fruit,cause to bear fruit,0,1,1,1,0,556.67,5.08,4.04,3.32,0.07261500694,0.160218019
control,fruit,bear fruit,0,0,1,2,0,561.5,4.25,4.84,3.35,0.1211245507,0.222738266
control,fuel,a substance that can be consumed to produce energy,1,1,1,3.29,0.27,436,3.24,3.29,2.42,0.217923291,0.2529689707
control,fuel,provide with a combustible substance that provides energy,1,0,1,5.33,5.16,506.2,3.42,3.12,2.28,0.2498009022,0.1802362423
control,fuel,provide with fuel,0,0,1,4,5.16,544.5,4.85,3.51,2.9,0.05135350302,0.05902179331
control,fuel,"take in fuel, as of a ship",0,0,1,5.8,0,520.75,5.78,4.08,3.49,0.03291289508,0.07512126979
control,fuel,stimulate,0,0,0,1,0,548,2.97,3.22,2.2,0.09180744737,0.157715112
control,guns,a weapon that discharges a missile at high velocity,1,1,1,7.75,1.66,423.2,4.82,3.83,2.54,0.2854324766,0.2139746547
control,guns,large but transportable armament,0,0,1,1.75,0,393,4.2,3.2,4.11,0.2550291369,0.1747398575
control,guns,a person who shoots a gun,0,0,1,7,2.2,508,5.54,4.51,3.52,0.44587804,0.3891230449
control,guns,a professional killer who uses a gun,0,0,1,5.43,3.96,516.5,4.41,3.47,3.99,0.2787359897,0.2880708666
control,guns,a hand-operated pump that resembles a revolver; forces grease in...,0,0,0,5.55,0.86,509.56,5.21,4.03,2.44,0.1832550667,0.1900726373
control,guns,a pedal that controls the throttle valve,0,0,0,8.8,4.6,503.25,4.5,3.86,3.69,0.06051365193,0.1038322616
control,guns,the discharge of a firearm as signal or as a salute in military ...,0,0,1,7.25,1.61,301,4.76,4.06,2.84,0.2107827452,0.2037696137
control,guns,shoot with a gun,1,0,1,5.33,4.81,506.5,5.49,4.4,3.47,0.6576393694,0.5593934059
control,hat,headdress that protects the head from bad weather; has shaped cr...,1,1,1,5.09,2.56,511.9,4.94,3.58,2.38,0.2114035082,0.2050270405
control,hat,an informal term for a person's role,0,0,0,6,0.99,559.6,5.49,2.99,3.55,0.05322589236,0.09766739933
control,hat,put on or wear a hat,1,0,1,4.6,0,497.33,3.79,3.66,2.41,0.2274873052,0.2165456489
control,hat,furnish with a hat,0,0,1,6.5,5.16,522.5,3.68,4.32,2.25,-0.01881384104,-0.0109235812
control,healthy,having or indicating good health in body or mind; free from infi...,1,1,1,5.85,,527.33,5.53,2.78,2.81,0.2015467412,0.2358779786
control,healthy,financially secure and functioning well,0,0,0,0.75,,486.25,4.94,2.79,3.63,0.2115562446,0.2278415933
control,healthy,promoting health; healthful; ; ; ; ; - C.B.Davis,0,0,1,2.33,,495,5.9,2.58,2.15,0.4804185033,0.3734910289
control,healthy,exercising or showing good judgment,0,0,0,2.8,,462,5.83,2.13,2.53,0.1420041583,0.2351502227
control,healthy,large in amount or extent or degree,0,0,0,4.86,,510.75,4,2.64,2.77,-0.01226455998,0.09000145132
control,hungers,a physiological need for food; the consequence of food deprivati...,1,1,1,4.14,0.24,517.71,4.75,2.97,2.33,0.2140744363,0.1519642243
control,hungers,strong desire for something,0,0,0,2.5,,395.67,6.46,2.22,2.74,0.1743188736,0.2078210066
control,hungers,feel the need to eat,1,1,1,1.33,0,541.67,3.42,2.8,3.54,0.212344418,0.2218294491
control,hungers,"have a craving, appetite, or great desire for",0,0,0,3.86,5.72,530.83,5.37,2.08,2.93,0.3746542302,0.3525688164
control,hungers,be hungry; go without food,0,1,1,1.25,0,503.4,4.82,3.25,2.63,0.2759117451,0.2196170036
guided,immersed,thrust or throw into,0,1,1,3.67,0,553,4.69,3.66,2.36,0.1888194531,0.1589491293
guided,immersed,devote,0,0,0,1,0,599,5,2,5.4,0.2444671541,0.3234090507
guided,immersed,"enclose or envelop completely, as if by swallowing",0,1,1,3.14,3.54,448.8,5,2.9,2.87,0.1858187988,0.1993837282
guided,immersed,cause to be immersed,1,1,0,0,0,410,5.14,2.43,3.44,-0.07343122363,-0.02891235612
guided,infected,communicate a disease to,0,0,1,6,0,412,4.29,3.44,3.15,0.2859386317,0.3302743509
guided,infected,contaminate with a disease or microorganism,1,1,1,6.8,11.53,531.33,5.09,3.42,3.04,0.4382900894,0.3503493766
guided,infected,corrupt with ideas or an ideology,0,0,0,6.6,10.78,348.67,5.45,1.75,2.68,0.06694363151,0.07986972605
guided,infected,affect in a contagious way,0,0,0,5,0,404.67,5.09,2.33,2.56,0.2511116515,0.2040360893
guided,infected,containing or resulting from disease-causing organisms,0,1,1,3.75,,483.33,4.06,2.11,3.05,0.1566982611,0.1793865201
guided,infiltrates,cause,0,0,1,0,0,547,6.74,2.43,3.27,0.0484977141,0.07984159887
guided,infiltrates,enter a group or organization in order to spy on the members,0,0,0,5.1,0,432.4,2.99,3.43,3.25,0.1649280445,0.1453273656
guided,infiltrates,pass into or through by filtering or permeating,0,1,1,3.43,6.02,374.5,3.54,3,3.09,0.1926096156,0.1680734269
guided,infiltrates,pass through an enemy line; in a military conflict,1,0,0,5.22,0,438.2,5.5,3.38,2.21,-0.01597357541,0.04399723485
guided,inventory,a detailed list of all the items in stock,1,1,1,4.57,1.1,518,4.46,3.63,2.54,0.3488596901,0.2325558439
guided,inventory,the merchandise that a shop has on hand,0,1,1,5.83,1.68,529,3.7,4.52,2.45,0.2675162291,0.2189918905
guided,inventory,,0,0,1,,,,,,,,
guided,inventory,a collection of resources,0,0,1,6.67,0.6,514,4.31,4.04,4.2,0.3054152578,0.2644108087
guided,inventory,making an itemized list of merchandise or supplies on hand,1,1,1,4,0.45,485.67,4.06,3.75,3.04,0.2841633042,0.2289974789
guided,inventory,make or include in an itemized record or report,0,0,1,5.44,1.15,452.8,4.56,3.26,2.89,0.1732761517,0.1230563626
guided,invested,make an investment,0,1,1,6,0,383,5.9,3.13,2,0.3717876393,0.3200723268
guided,invested,give qualities or abilities to,0,0,1,4.75,0,471,3.8,2.27,2.36,0.05615516379,0.07152269532
guided,invested,furnish with power or authority; of kings or emperors,1,1,1,7.43,4.6,492.5,4.6,2.71,1.96,0.06694880575,0.04535643607
guided,invested,provide with power and authority,0,0,1,4.33,0,538,3.86,2.37,2.35,0.08555928369,0.07126884597
guided,invested,place ceremoniously or formally in an office or position,0,1,1,5,0,417.4,4.64,3.09,2.99,0.07617273144,0.0557667762
guided,killer,someone who causes the death of a person or animal,1,1,1,6.38,0.67,492,5.36,3.84,3.05,0.06563692093,0.23011792
guided,killer,the causal agent resulting in death,0,0,1,4.4,0.27,503,5.68,2.9,3.11,0.1366508752,0.1844130065
guided,killer,a difficulty that is hard to deal with,0,0,0,3.8,0.6,398.67,4.31,2.92,2.87,0.04501360143,0.1064266016
guided,killer,predatory black-and-white toothed whale with large dorsal fin; c...,0,1,1,3,1.33,483.8,4.83,3.64,2.85,0.08644838776,0.09334984256
guided,lit,the humanistic study of a body of literature,0,1,1,7,2.66,509.75,4.59,3.6,2.7,0.0886269249,0.04300484306
guided,lit,make lighter or brighter,0,1,1,2.75,0,505.33,5.82,3.6,2.24,0.2260648621,0.2038251981
guided,lit,begin to smoke,0,1,1,0.5,0,526.5,4.01,3.76,2.55,0.1276171948,0.1543991165
guided,lit,"to come to rest, settle",0,0,0,0.67,0,522.75,5.22,2.69,2.86,0.009789318234,0.1131861384
guided,lit,cause to start burning; subject to fire or great heat,1,1,1,2,1.29,448.12,5.65,3.2,2.31,0.1620265808,0.2031992504
guided,lit,fall to somebody by assignment or lot,0,0,1,4.5,8.12,485.5,5.11,3.85,3.56,0.03721476626,0.06779459282
guided,lit,alight from,0,1,1,2,6.92,372,5.91,2.96,3.36,0.5106533766,0.4268910587
guided,lit,provided with artificial light,0,1,1,0.67,,484.33,4.35,3.15,2.5,0.2727766732,0.2489659141
guided,lit,set afire or burning,0,1,1,3,,493.67,5.81,3.63,2.98,0.3761533201,0.3874610464
guided,mad,roused to anger; - Mark Twain,0,1,0,6.5,,423.33,5.82,2.41,2.62,0.1931075975,0.1820559539
guided,mad,affected with madness or insanity,1,1,1,6,,571.67,4.72,2.08,2.19,0.3797188761,0.2653133248
guided,mad,marked by uncontrolled excitement or emotion,1,0,1,3.67,,482,5,2.63,3.87,0.1326932246,0.1666035312
guided,mad,very foolish,0,0,1,0,,504,6.06,1.84,2.4,0.3798252344,0.416736871
guided,mother,a woman who has given birth to a child,1,1,1,5,1.47,471.5,4.78,4.01,2.21,0.3012879719,0.3996181139
guided,mother,a stringy slimy substance consisting of yeast cells and bacteria...,0,1,0,4.53,2.92,435.07,4.7,3.84,2.51,0.005087440933,0.05784203248
guided,mother,a term of address for an elderly woman,0,0,1,5.83,1.66,520,5.2,3.71,2.9,0.1677999854,0.2543974228
guided,mother,a term of address for a mother superior,0,0,1,6.4,0.78,572.5,5.15,3.34,2.41,0.04811150883,0.01582688062
guided,mother,a condition that is the inspiration for an activity or situation,0,0,0,5.75,1.56,411.5,3.91,2.27,3.06,0.06046488031,0.1251948257
guided,mother,care for like a mother,0,1,1,6.33,6.66,530.67,4.77,2.94,2.45,0.08440250531,0.1178835798
guided,mother,make children,0,1,1,4,2.94,344,4.81,3.72,2.38,0.2186726229,0.3307909183
guided,nurse,one skilled in caring for young children or the sick,0,1,1,2.75,2.07,377.5,4.65,3.1,2.69,0.2236096387,0.2445195342
guided,nurse,a woman who is the custodian of children,1,1,1,5.83,3.23,450.33,5.22,4.63,2.57,0.2316094538,0.3532070319
guided,nurse,"try to cure by special care of treatment, of an illness or injur...",1,1,1,5.5,0,541.62,4.58,2.74,2.65,0.1404158114,0.1524917454
guided,nurse,maintain,0,0,0,1,0,580,5.87,2.32,1.9,0.1466759741,0.04627930745
guided,nurse,serve as a nurse; care for sick or handicapped people,0,1,1,5.12,4.33,475.86,4.89,3.66,2.59,0.2077224374,0.2162680242
guided,nurse,treat carefully,0,0,1,1,2.55,534,5.85,2.97,3.49,0.1526416726,0.1086456142
guided,nurse,give suck to,0,0,1,2.5,5.33,440.5,2.15,3.14,2.35,0.09386513941,0.04254188761
guided,nursing,the work of caring for the sick or injured or infirm,0,1,1,3.29,0,426.2,4.9,2.95,2.6,0.2667797595,0.2891075701
guided,nursing,the profession of a nurse,0,1,1,7.67,3.37,494,4.17,3.61,2.86,0.5132062435,0.4592257887
guided,nursing,nourishing at the breast,1,1,1,4,0.6,337.5,6.16,3.79,2.09,0.2273114473,0.1290118769
guided,nursing,"try to cure by special care of treatment, of an illness or injur...",1,1,1,5.5,0,541.62,4.58,2.74,2.65,0.1677200728,0.2003257727
guided,nursing,maintain,0,0,0,1,0,580,5.87,2.32,1.9,0.1297557503,0.08488266915
guided,nursing,serve as a nurse; care for sick or handicapped people,0,1,1,4.89,6.05,475.86,4.89,3.66,2.59,0.3130099075,0.3075261948
guided,nursing,treat carefully,0,0,1,1,2.55,534,5.85,2.97,3.49,0.1085841209,0.08159031533
guided,nursing,give suck to,0,0,1,2.5,5.33,440.5,2.15,3.14,2.35,0.05626401049,0.03684475273
guided,nuts,usually large hard-shelled seed,1,1,1,1,,456.25,5.15,3.37,3.43,0.07875102138,0.1548056006
guided,nuts,a small,0,0,0,5,0.8,471,5.03,3.22,5.1,-0.04834993556,0.1064821184
guided,nuts,half the width of an em,0,0,0,5,2.42,540.33,4.06,3.46,3.12,0.07480555773,0.1472041657
guided,nuts,a whimsically eccentric person,0,0,0,5.25,3.72,544.67,4.88,2.92,3.47,0.1532864114,0.120213521
guided,nuts,someone who is so ardently devoted to something that it resemble...,0,0,0,3.6,0.47,419.5,5.6,2.38,2.52,0.07398115595,0.1510619819
guided,nuts,one of the two male reproductive glands that produce spermatozoa...,1,0,0,5.11,1.97,406.67,4.39,3.76,3.42,0.01936864819,0.08879417015
guided,nuts,gather nuts,0,1,1,3,0,565.5,4.92,3.64,2,0.4081956204,0.3734151199
guided,nuts,informal or slang terms for mentally irregular,0,0,0,3.5,,501.2,4.65,2.38,3.46,0.04036063869,0.05383818366
guided,overcame,win a victory over,0,1,,5.75,,498,3.56,2.61,2.39,0.3654790074,0.3091924787
guided,overcame,get on top of; deal with successfully,0,0,0,2.6,0,397.2,3.94,2.84,2.13,0.1294942405,0.09576306492
guided,overcame,"overcome, as with emotions or perceptual stimuli",0,0,0,4.83,8.63,461,4.97,2.16,3.07,0.2331955256,0.2106785938
guided,overcame,"overcome, usually through no fault or weakness of the person tha...",1,1,0,3.5,7.27,502.71,4.72,2.72,2.87,0.2628836612,0.2521532501
guided,pet,a domesticated animal kept for companionship or amusement,1,1,1,5.86,1.46,480.6,5.22,2.96,3.74,0.3352750316,0.3115177587
guided,pet,a special loved one,0,0,0,2.5,0.8,529,3.61,2.86,2.04,0.1197135461,0.1589503189
guided,pet,a fit of petulance or sulkiness,0,0,0,6.4,5.35,493,4.61,2.19,3.79,0.01931449647,0.1061015526
guided,pet,stroke or caress gently,0,1,1,4.25,8.89,427.67,4.76,3.42,2.5,0.2087827548,0.09500704954
guided,pet,"stroke or caress in an erotic manner, as during lovemaking",1,1,0,6.11,8.89,491.17,4.51,3.22,2.83,0.1620993227,0.1091910392
guided,pet,preferred above all others and treated with partiality,0,0,0,1.4,,473.25,4.65,2,2.07,0.05736375391,0.08232425991
guided,pieced,to join or unite the pieces of,0,1,1,4.25,4.6,534,5.31,3.19,2.95,0.3185349181,0.1967923079
guided,pieced,create by putting components or members together,1,,,2.57,0,488.67,6.32,2.68,3.33,0.2061345041,0.1973101467
guided,pieced,join during spinning,0,1,1,4,0,529,4.66,3.34,2.99,0.08284584805,0.1197175882
guided,pieced,eat intermittently; take small bites of,0,0,0,1.6,2.36,507.2,5.35,3.21,3.04,0.07794795297,0.1240244687
guided,pieced,repair by adding pieces,0,,1,2,5.47,524.67,4.51,3.73,2.21,0.308848083,0.218291161
guided,pig,domestic swine,1,1,1,6.5,11,504,5.31,3.54,2.45,0.5118468553,0.3816784602
guided,pig,a coarse obnoxious person,0,0,0,4,0.4,555.67,4.2,3.41,4.2,0.08567743748,0.2027978102
guided,pig,a person regarded as greedy and pig-like,0,0,0,4.4,0.53,466.75,5.69,3.68,3.21,0.05191993713,0.1411486553
guided,pig,uncomplimentary terms for a policeman,0,0,0,5.25,2.97,565.33,3.33,3.23,2.71,0.05556754551,0.1026019299
guided,pig,mold consisting of a bed of sand in which pig iron is cast,0,1,0,6.78,1.12,524.71,4.68,4.73,3.28,0.02950578249,0.1126207585
guided,pig,a crude block of metal,0,1,0,6.25,1.3,388.67,5.36,3.77,3.07,0.07243685114,0.1363772079
guided,pig,"live like a pig, in squalor",0,0,0,6.4,7.77,531.8,5.54,3.31,3.27,0.05856966258,0.1507996917
guided,pig,eat greedily,0,0,0,0.5,7.52,534.5,2.62,3.37,3.55,0.1374338716,0.2331887111
guided,pig,give birth,0,0,,2.5,0,454,3.16,3.64,2.2,-0.003999484703,0.05523640662
guided,planted,put or set,0,0,1,4,6.12,441.5,4.28,2.96,2.68,0.2975114882,0.215925552
guided,planted,fix or set securely or deeply,0,0,0,3.67,0,505,4.35,2.8,4.2,0.1194623532,0.08580396324
guided,planted,set up or lay the groundwork for,0,0,0,4.8,3.25,465.67,4.79,3.36,2.69,0.2022768855,0.1594854966
guided,planted,place into a river,0,0,0,5.33,0,427,5.92,4.18,3.4,0.08550602756,0.1100699529
guided,planted,place something or someone in a certain position in order to sec...,0,0,0,4.23,2.27,455.89,4.33,2.49,3.13,0.05061128637,0.08759938387
guided,planted,put firmly in the mind,0,0,0,4,0,505,4.17,2.44,2.48,0.1828959969,0.1803046788
guided,planted,?,,,0,,,,,,,,
guided,planted,set in the soil for growth,1,1,1,4.5,,496.33,6.1,3.72,4.08,0.2637640337,0.2166645279
guided,pour,cause to run,0,,1,0.5,0,499,6.65,3.37,3.49,0.1162420306,0.1967700198
guided,pour,move in large numbers,0,0,0,1.75,0,505,3.78,3.31,3.69,0.0792582032,0.1109438955
guided,pour,pour out,0,0,1,0,,503,5.91,4.14,1.7,,
guided,pour,flow in a spurt,0,1,1,4.75,4.78,513.5,5.55,3.5,3.4,0.3569581211,0.2658835873
guided,pour,supply in large amounts or quantities,0,0,0,4.17,2.58,568.67,3,3.18,3.52,0.1146252397,0.1255242899
guided,pour,rain heavily,1,1,1,0.5,8.8,582.5,3.31,4.06,4.45,0.1633558869,0.1053281995
guided,poured,cause to run,0,,1,0.5,0,499,6.65,3.37,3.49,0.06602588762,0.1433864757
guided,poured,move in large numbers,0,0,0,1.75,0,505,3.78,3.31,3.69,0.03029850932,0.0724950619
guided,poured,pour out,0,0,1,1,10.7,503,5.91,4.14,1.7,0.7429929376,0.7490741611
guided,poured,flow in a spurt,0,1,1,4.75,4.78,513.5,5.55,3.5,3.4,0.3112479001,0.2562184408
guided,poured,supply in large amounts or quantities,0,0,0,4.17,2.58,568.67,3,3.18,3.52,0.104616778,0.113590708
guided,poured,rain heavily,1,1,1,0.5,8.8,582.5,3.31,4.06,4.45,0.1575129554,0.1298025995
guided,regurgitate,pour or rush back,0,0,1,3.75,0,493,5.11,3.79,2.73,0.1341842016,0.1735637387
guided,regurgitate,feed through the beak by regurgitating previously swallowed food,0,1,1,2.62,3.333333333e+299,480,5.17,3.89,2.49,0.3008850636,0.2940301718
guided,regurgitate,repeat after memorization,0,0,0,3.33,0,471,4.61,2.66,2.52,0.2393932045,0.3236921281
guided,regurgitate,eject the contents of the stomach through the mouth,1,1,1,3.2,0,509,4.47,4.28,2.8,0.2501498088,0.2408676632
guided,related,make a logical or causal connection,1,0,0,4,0,448,4.48,2.48,2.98,0.1697005937,0.220510127
guided,related,be relevant to,0,0,0,0,0,454,6.29,1.72,3.09,0.4730761647,0.336314261
guided,related,give an account of,0,1,0,4,1.67,418,4.24,2.96,3.65,0.05261344835,0.1233952828
guided,related,be in a relationship with,0,0,0,4.75,0,411,6.43,2.8,4.3,0.2568735778,0.04036529362
guided,related,have or establish a relationship to,0,0,0,5,1.4,509.5,4.76,2.4,4.6,0.1501749773,0.05388700217
guided,related,being connected either logically or causally or by shared charac...,1,0,0,3.1,,509.33,4.64,2.15,2.61,0.2479649968,0.2016651879
guided,related,"connected by kinship, common origin, or marriage",0,1,1,3.14,,552,5.45,2.3,2.96,0.2682647169,0.1989603728
guided,rooted,take root and begin to grow,0,1,1,1.5,3.34,544.5,4.58,3.25,2.02,0.2169960709,0.1801225881
guided,rooted,"come into existence, originate",0,0,0,2.33,5.65,527.25,4.79,2.16,3.52,0.1499492253,0.2145623465
guided,rooted,plant by the roots,1,1,1,2.33,6.88,498.5,4.4,4.55,2.55,0.4351532534,0.2707801647
guided,rooted,dig with the snout,0,1,1,7.5,,533,6.19,4.61,4.74,0.1211471171,0.1223093783
guided,rooted,become settled or established and stable in one's residence or l...,0,0,0,4,3.08,436.22,5.45,2.94,3.05,0.1208741877,0.1393791141
guided,rooted,cause to take roots,0,,1,2,3.54,537,5.29,3.28,2.29,0.2795002277,0.2415999373
guided,rooted,absolutely still,0,0,0,0.5,,500.5,4.78,2.72,2.82,0.09478885867,0.1357038692
guided,shattered,break into many pieces,1,1,1,1.33,4.45,519,5.1,3.41,2.89,0.1805158801,0.1513443142
guided,shattered,damage or destroy,0,0,0,3.33,0,472,4.46,3.14,2.41,0.3877201527,0.3244763911
guided,shattered,cause to break into many pieces,0,1,1,0.75,2.97,526,5.51,3.16,2.99,0.1440522603,0.1323142704
guided,shattered,ruined or disrupted,0,0,0,3.67,,516.5,6.06,2.96,3.21,0.4584975839,0.4411151558
guided,shouldered,lift onto one's shoulders,1,1,1,2.67,9.92,461,4.53,3.81,3.1,0.2648605662,0.1820229329
guided,shouldered,push with the shoulders,1,1,1,2,4.96,522.5,4.56,4.57,2.52,0.3832342643,0.2367908061
guided,shouldered,"carry a burden, either real or metaphoric",0,,0,3.29,6.25,422.67,4.6,2.57,3.42,0.1263340335,0.1267148864
guided,shouldered,having shoulders or shoulders as specified; usually used as a co...,0,0,1,3.42,,524.5,4.45,3.46,2.68,0.2133411257,0.1594281841
guided,sick,people who are sick,0,1,1,3.33,2.86,380.5,5.71,3.9,2.98,0.1246455684,0.2594211102
guided,sick,eject the contents of the stomach through the mouth,1,1,1,3.2,0,509,4.47,4.28,2.8,0.0572759537,0.1486075767
guided,sick,affected by an impairment of normal physical or mental function,1,1,1,3.44,,523.33,3.53,2.18,2.52,0.1166371124,0.1368234085
guided,sick,feeling nausea; feeling about to vomit,0,1,1,4,,520,3.66,2.87,1.51,0.2654254586,0.3398104608
guided,sick,affected with madness or insanity,0,1,1,6,,571.67,4.72,2.08,2.19,0.1855421563,0.1383439203
guided,sick,having a strong distaste from surfeit,0,0,0,3.8,,535.67,5.37,2.59,1.8,0.07118585954,0.07550493255
guided,sick,,,0,0,,,,,,,,
guided,sick,deeply affected by a strong feeling,0,0,0,2.17,,579.5,3.66,2.19,2.17,0.1475239489,0.1788200876
guided,sick,shockingly repellent; inspiring horror,0,0,0,3.25,,518.8,4.67,2.22,1.79,0.06211266783,0.1438232958
guided,smart,a kind of pain such as that caused by a wound or a burn or a sor...,1,1,1,5.67,0.96,491.67,4.18,3.43,3.8,0.04336514355,0.0941804053
guided,smart,be the source of pain,0,0,1,3,0,578,4,3.23,2.86,0.01935437869,0.0463799499
guided,smart,showing mental alertness and calculation and resourcefulness,1,1,0,5.2,,474.6,4.29,2.36,3.42,0.0962398842,0.09545330778
guided,smart,elegant and stylish,0,1,0,0,,461,5.22,2.22,1.86,0.4556381553,0.353753686
guided,smart,characterized by quickness and ease in learning,1,1,0,2.67,,502.5,4.31,2.66,3.38,0.07515074126,0.1287241261
guided,smart,improperly forward or bold,0,0,0,6.25,,510,5.19,2.36,2.55,0.1686353174,0.2166804969
guided,smart,painfully severe,0,0,1,0,,553,6.24,2.48,2.85,0.09842877835,0.09343600832
guided,smart,quick and brisk,0,0,1,0,,558.5,5.02,2.7,3.65,0.3326934129,0.2872134224
guided,smart,capable of independent and apparently intelligent action,1,0,0,1,,499,5.57,2.26,3.82,0.2650338337,0.2476056091
guided,sold,exchange or deliver for money or its equivalent,1,1,1,7.57,0,527,4.06,3.24,3.06,0.1512511801,0.1585032586
guided,sold,be sold at a certain price or in a certain way,0,1,1,4.4,0,516.4,4.09,2.46,2.59,0.1232851818,0.1608778331
guided,sold,persuade somebody to accept something,0,0,0,1.33,3.34,432.5,4.98,2.68,3.54,0.01584081817,0.05831469269
guided,sold,do business; offer for sale as for one's livelihood,0,1,1,4,0,475.43,5.51,3.05,2.92,0.2533770859,0.2433739144
guided,sold,give up for a price or reward,0,0,0,5.33,0,453.33,2.74,3.29,2.45,0.2119032256,0.1702939849
guided,sold,be approved of or gain acceptance,0,0,0,5,0,498,5.25,2.22,3.08,0.1217017459,0.1249911177
guided,sold,be responsible for the sale of,0,0,1,2,2.55,451.5,4.61,2.53,2.89,0.3706516102,0.3867469728
guided,sold,deliver to an enemy by treachery,0,0,0,4.8,0,510.33,5.14,2.55,2.86,0.0848187323,0.05578642866
guided,sold,disposed of to a purchaser,0,0,1,5.33,,434,5.5,2.74,3.42,0.3689039648,0.3561292887
guided,spineless,"weak in willpower, courage or vitality",0,0,0,5.5,,448.6,5.28,1.89,3.16,0.2174941348,0.2045198334
guided,spineless,lacking a backbone or spinal column,1,1,1,5.5,,479.5,4.95,4.1,3.68,0.2164551653,0.1296159476
guided,spineless,lacking spiny processes,0,0,1,0.67,,549.33,4.15,3.02,3.18,0.1441650496,0.145209685
guided,spineless,lacking thorns,0,1,1,4,,554,4.06,,5.09,0.1816676185,0.2436403409
guided,splashed,cause,0,0,1,0,0,547,6.74,2.43,3.27,0.03086652048,0.03877397254
guided,splashed,walk through mud or mire,0,0,1,4,1.85,544.33,3.65,4.46,2.76,0.1423165624,0.1279231782
guided,splashed,dash a liquid upon or against,1,1,1,6.25,,485.33,4.87,3.65,3.85,0.202457423,0.1193171057
guided,splashed,mark or overlay with patches of contrasting color or texture; ca...,0,0,0,4.08,0,502,5.01,3.63,2.81,0.16154322,0.1417271082
guided,splashed,make a splashing sound,0,0,1,3.75,6.2,445.67,4.1,3.59,2.83,0.2327158789,0.2806345895
guided,splashed,soil or stain with a splashed liquid,1,1,1,6,0,460,5.11,4.38,3.63,0.2055374533,0.140701741
guided,splashed,strike and dash about in a liquid,0,1,1,6.5,,485.67,4.97,4.06,3.71,0.1471875198,0.1298071522
guided,splashed,,,0,1,,,,,,,,
guided,splashed,covered with bright patches,0,0,0,2.33,,567.67,3.18,4.01,2.49,0.206550551,0.1915296266
guided,stab,a sudden sharp feeling,0,0,0,3.25,0.6,501.33,3.4,2.54,1.74,0.1721981882,0.1107007153
guided,stab,a strong blow with a knife or other sharp pointed instrument,1,1,1,4.7,0.12,462.17,5.26,3.91,2.53,0.3065480391,0.2145175021
guided,stab,informal words for any attempt or effort,0,0,0,4.33,1.57,383.75,3.57,2.58,3.09,0.06406493578,0.1203240186
guided,stab,use a knife on,0,0,1,3.5,4.86,487.5,2.78,3.84,2.08,0.3174175546,0.3052766994
guided,stab,stab or pierce,0,,1,5.5,0,548,3.61,3.9,3.31,0.4238628149,0.3048886061
guided,stab,poke or thrust abruptly,0,0,0,3.5,8.68,532,3.88,3.29,2.34,0.3453089533,0.2236187545
guided,stewed,be in a huff; be silent or sullen,0,0,0,4,0,501.25,4.99,3.15,2.28,0.05399155182,0.1727809856
guided,stewed,bear a grudge; harbor ill feelings,0,0,0,4.17,5.94,520.5,4.57,3.3,2.2,0.02922420315,0.1153022461
guided,stewed,cook slowly and for a long time in liquid,1,1,1,3.86,4.08,491.8,4.75,3.68,3.3,0.1217261478,0.150500989
guided,stewed,cooked in hot water,0,0,1,3.5,,536.33,4.62,4.66,3.28,0.3450941443,0.2596736016
guided,survived,continue to live through hardship or adversity,1,1,1,4,3.42,506.25,5.74,2.29,3.05,0.2557007521,0.1462786496
guided,survived,continue in existence after,0,0,,3,0,548.5,5.26,1.95,3.3,0.2308381498,0.1100730076
guided,survived,support oneself,0,0,0,2,0,427,4.22,3.16,2.9,0.07258856669,0.058784144
guided,survived,live longer than,0,1,1,0,0,404,6.03,3.16,1.86,0.2649948746,0.1303495131
guided,tackle,the person who plays that position on a football team,0,0,1,5.5,0.39,433.5,4.48,3.96,3.31,0.2099371955,0.1586748276
guided,tackle,gear consisting of ropes etc. supporting a ship's masts and sail...,1,1,1,6.12,2.41,548,4.76,3.89,3.27,0.129211789,0.09914638335
guided,tackle,gear used in fishing,0,1,1,5.5,1.35,575.33,4.34,3.74,3.07,0.2014680331,0.116192662
guided,tackle,,,0,1,,,,,,,,
guided,tackle,,,0,1,,,,,,,,
guided,tackle,accept as a challenge,0,0,0,6.25,0,322,4.16,2.57,3.23,0.1390623264,0.199659653
guided,tackle,put a harness,0,0,1,4.33,5.81,416,3.02,3.32,1.79,0.1823391169,0.190674752
guided,tackle,"seize and throw down an opponent player, who usually carries the...",0,1,1,4.1,0,505,5.82,3.82,3.24,0.2017504397,0.1662148328
guided,target,a reference point to shoot at,0,1,1,5.6,0.4,529.67,5.13,3.25,1.85,0.2567110062,0.2093374978
guided,target,a person who is the aim of an attack,0,1,0,6.29,0.27,477.67,5.46,3.9,4.11,0.2947942472,0.2302609558
guided,target,the location of the target that is to be hit,0,0,1,2,0,526.33,4.32,3.74,3.12,0.2885517851,0.2234176397
guided,target,sports equipment consisting of an object set up for a marksman o...,1,1,1,5.23,1.58,516.86,5.21,3.86,2.99,0.2551200162,0.1693249957
guided,target,the goal intended to be attained,0,0,0,3.25,5.74,451,4.23,2.46,2.45,0.3690121025,0.2825782547
guided,target,intend,0,0,,7,0,295,5.91,1.71,3.64,0.1966390163,0.1688514799
guided,tick,a metallic tapping sound,1,1,1,6.25,0.3,453,5.07,4.04,3.1,0.1297252029,0.09717049698
guided,tick,any of two families of small parasitic arachnids with barbed pro...,1,1,1,3.15,3.76,495.82,4.62,3.96,3.11,0.09692257009,0.1217616858
guided,tick,a mark indicating that something has been noted or completed etc...,1,1,1,3.62,0.87,441.57,5.24,3.06,3.18,0.08328200613,0.1320974048
guided,tick,a light mattress,0,1,1,8,4.44,553.5,4.18,4.61,3.21,-0.02986357734,0.05502403062
guided,tick,make a clicking or ticking sound,0,0,1,4,7.47,458,5.01,3.45,2.85,0.2962249636,0.2528374754
guided,tick,make a sound like a clock or a timer,0,1,1,5.89,1.62,444.6,5.17,3.59,2.37,0.1887944883,0.1802419245
guided,tick,sew,0,0,1,4,0,440,4,3.93,2.7,0.07538121194,0.1803544611
guided,tick,put a check mark on or near or next to,0,1,1,4.22,8.81,497.8,4.5,3.23,2.85,0.1067752399,0.1763487741
guided,traded,engage in the trade of,0,1,1,0.33,3.76,478.5,6.04,2.58,2.71,0.4033874255,0.2920629121
guided,traded,turn in as payment or part payment for a purchase,1,0,1,6.67,,460.6,4.22,3.5,3.07,0.1164726305,0.1026072681
guided,traded,be traded at a certain price or under certain conditions,0,0,1,3.44,0,483,3.34,2.28,3.03,0.1146927709,0.1620000587
guided,traded,exchange or give,0,1,1,4.67,0,400,2.74,2.78,2.7,0.3487942778,0.258254122
guided,traded,do business; offer for sale as for one's livelihood,0,0,1,4,0,475.43,5.51,3.05,2.92,0.1846210778,0.1163040783
guided,whipped,beat severely with a whip or rod,1,1,1,4.33,4.57,529.25,4.83,3.71,2.85,0.3386761118,0.2722203461
guided,whipped,defeat thoroughly,0,0,0,3.5,0,330.5,5.09,2.58,2.61,0.1511452273,0.1569430605
guided,whipped,thrash about flexibly in the manner of a whiplash,0,0,0,4.71,0,497.75,5.47,2.89,3.08,0.1646656815,0.121070656
guided,whipped,strike as if by whipping,0,0,0,1,5.38,538.5,5.13,3.98,2.61,0.4278439954,0.4062199555
guided,whipped,whip with or as if with a wire whisk,0,1,0,5.33,8.36,450.67,6.61,4.58,2.32,0.3986131304,0.3210912173
guided,whipped,subject to harsh criticism,0,0,0,2.33,0,564.33,4.42,2.48,3.47,0.03933105618,0.102195741
guided,windows,a framework of wood or metal that contains a glass windowpane an...,1,1,1,6.37,1.73,486.58,4.42,4.22,3.22,0.2022892623,0.2290790413
guided,windows,a transparent opening in a vehicle that allow vision out of the ...,0,1,1,3.82,1.9,514.91,4.73,3.3,2.98,0.1064138396,0.1022270663
guided,windows,a transparent panel,0,0,0,5.67,1.55,489,4.29,3.72,2.89,0.2103360817,0.1425967291
guided,windows,an opening that resembles a window in appearance or function,0,0,0,6.56,2.28,468.8,4.84,3.28,2.95,0.1896546647,0.1892308136
guided,windows,the time period that is considered best for starting or finishin...,0,0,0,3.38,1.1,431.29,5.73,2.32,3.86,0.01221921937,0.02547519777
guided,windows,a pane of glass in a window,0,1,1,7.83,3.27,505.67,6.08,4.51,4.19,0.5451782048,0.5636984805
guided,windows,an opening in a wall or screen that admits light and air and thr...,0,0,1,5.67,1.07,489.57,4.61,4.31,2.32,0.1361020873,0.1375416169
guided,windows,,,0,0,,,,,,,,
guided,wired,provide with electrical circuits,1,0,1,4,5.16,609.5,2.7,3.06,3.66,0.2186048279,0.195909818
guided,wired,"send cables, wires, or telegrams",0,1,1,4.6,6.84,542.25,5.95,3.71,3.54,0.3628803361,0.2089453358
guided,wired,fasten with wire,0,1,1,2,5.33,481.5,6.81,4.43,2.45,0.3775383979,0.2426309958
guided,wired,string on a wire,0,1,1,4.5,5.33,541.5,5.79,4.74,3.11,0.3564572781,0.1787338508
guided,wired,equip for use with electricity,0,0,1,3,0,543,5.28,3.16,2.7,0.1891529535,0.2153443694
guided,wired,equipped with wire or wires especially for electric or telephone...,0,1,1,4,,474.57,4.88,3.58,2.69,0.3237281766,0.2488016092
guided,wired,tense with excitement and enthusiasm as from a rush of adrenalin...,0,0,0,6.71,,511.2,4.62,2.62,2.79,0.08450890677,0.06184183918
guided,wired,tied or bound with wire,0,1,1,3.75,,472.67,5.98,4.02,2.17,0.3902629515,0.2354433785
guided,withering,any weakening or degeneration,0,0,0,3,0,471.5,4.68,2.17,4.19,0.3848004192,0.225628227
guided,withering,"wither, as with a loss of moisture",1,1,1,7,10.74,531,5.03,2.99,3.59,0.3602578789,0.2043414339
guided,withering,"lose freshness, vigor, or vitality",0,,0,5.4,0,498,5.46,2.1,3.24,0.1616064236,0.1757817063
guided,withering,wreaking or capable of wreaking complete destruction,0,0,0,4,,502.4,6.07,2.71,3.77,0.1397042911,0.1059961103
guided,withering,making light of; ; ; - W.S.Gilbert,0,0,0,5,,460.29,5.22,3.28,2.16,0.03813297674,0.08232064173
guided,wolf,any of various predatory carnivorous canine mammals of North Ame...,1,1,1,4.08,2.71,493.8,5.28,3.28,3.81,0.1871845927,0.187409201
guided,wolf,a man who is aggressive in making amorous advances to women,0,0,0,4.1,2.03,439.83,4.93,3.34,3.44,0.04019466974,0.1266159893
guided,wolf,a cruelly rapacious person,0,0,0,4,0.4,481.67,5.22,3.21,2.4,0.02468187067,0.1623345961
guided,wolf,eat hastily,0,1,0,0.5,7.52,542,3.9,3.38,4.19,0.07387542352,0.08579432312
guided,won,the basic unit of money in South Korea,1,1,1,4,0.98,488.8,5.16,3.52,3.15,0.06250284488,0.02656279057
guided,won,the basic unit of money in North Korea,,1,1,4,0.98,476.8,4.58,3.52,2.99,0.06250284488,0.02012784481
guided,won,be the winner in a contest or competition; be victorious,1,1,1,4.44,0,499,4.95,3.21,2.68,0.5162515268,0.3958089091
guided,won,win something through one's efforts,0,0,0,1.75,8.73,437.4,4.52,2.7,3.09,0.2043566625,0.2216456914
guided,won,"obtain advantages, such as points, etc.",0,0,1,2.6,0,558.17,5.47,3.2,3.2,0.07790322509,0.08700836264
guided,won,attain success or reach a desired goal,0,0,1,5,0,519.4,4.75,2.62,2.25,0.1271317557,0.1253264636
guided,won,not subject to defeat,0,0,1,2.67,,507,4.85,3.05,2.91,0.2258999441,0.2157881781
guided,wounded,people who are wounded,0,1,1,3.33,2.86,526.5,4.33,4.23,3.32,0.1174301058,0.202296108
guided,wounded,cause injuries or bodily harm to,1,1,1,4.2,3.53,532.5,6.08,2.94,3.44,0.2393727372,0.1349385786
guided,wounded,hurt the feelings of,0,0,0,4,8.47,539,4.55,2.64,2.89,0.3396072984,0.2783978134
guided,wounded,suffering from physical injury especially that suffered in battl...,1,1,1,3.29,,505.5,5.04,3,2.95,0.2223581436,0.1498492518
guided,wrestled,combat to overcome an opposing tendency or force,0,0,0,5,0,515,4.91,2.62,3.02,0.1641732552,0.1147650793
guided,wrestled,"engage in deep thought, consideration, or debate",0,0,0,4.71,1.28,474.71,5.16,2.49,3.5,0.1450999342,0.1524163172
guided,wrestled,"to move in a twisting or contorted motion,",0,0,1,4.43,5.15,533.4,5.02,3.34,3.05,0.04130764585,0.1182147367
guided,wrestled,engage in a wrestling match,1,1,1,4.4,6.66,542.67,5.21,3.53,3.58,0.4139860471,0.328071778